{
  "id": "5067209",
  "name": "繁星智慧.lvbao小程序",
  "font_family": "fxzhiconfont",
  "css_prefix_text": "fxzh-",
  "description": "",
  "glyphs": [
    {
      "icon_id": "11061561",
      "name": "语音",
      "font_class": "saying",
      "unicode": "e62f",
      "unicode_decimal": 58927
    },
    {
      "icon_id": "20402206",
      "name": "语音",
      "font_class": "yuyin",
      "unicode": "e6f6",
      "unicode_decimal": 59126
    },
    {
      "icon_id": "26847671",
      "name": "语音",
      "font_class": "yuyin1",
      "unicode": "e66c",
      "unicode_decimal": 58988
    },
    {
      "icon_id": "1092121",
      "name": "打开键盘",
      "font_class": "dakaijianpan",
      "unicode": "e619",
      "unicode_decimal": 58905
    },
    {
      "icon_id": "2571130",
      "name": "互联网",
      "font_class": "hulianwang",
      "unicode": "e607",
      "unicode_decimal": 58887
    },
    {
      "icon_id": "4348060",
      "name": "键盘",
      "font_class": "jianpan",
      "unicode": "e61c",
      "unicode_decimal": 58908
    },
    {
      "icon_id": "4974166",
      "name": "网站",
      "font_class": "wangzhan",
      "unicode": "e6f5",
      "unicode_decimal": 59125
    },
    {
      "icon_id": "11195035",
      "name": "键盘",
      "font_class": "jianpan1",
      "unicode": "e65f",
      "unicode_decimal": 58975
    },
    {
      "icon_id": "24737007",
      "name": "键盘",
      "font_class": "jianpan2",
      "unicode": "ed15",
      "unicode_decimal": 60693
    },
    {
      "icon_id": "35108675",
      "name": "知识库10",
      "font_class": "zhishiku10",
      "unicode": "ea4e",
      "unicode_decimal": 59982
    },
    {
      "icon_id": "44814386",
      "name": "知识库",
      "font_class": "zhishiku",
      "unicode": "e60a",
      "unicode_decimal": 58890
    }
  ]
}
