{
  "id": "5103677",
  "name": "繁星智慧.lvbao小程序-富文本编辑器",
  "font_family": "editicon",
  "css_prefix_text": "edit-",
  "description": "",
  "glyphs": [
    {
      "icon_id": "1462917",
      "name": "setting",
      "font_class": "setting",
      "unicode": "e640",
      "unicode_decimal": 58944
    },
    {
      "icon_id": "822561",
      "name": "at",
      "font_class": "at",
      "unicode": "e6c1",
      "unicode_decimal": 59073
    },
    {
      "icon_id": "1550134",
      "name": "插入链接",
      "font_class": "charulianjie",
      "unicode": "e604",
      "unicode_decimal": 58884
    },
    {
      "icon_id": "1727472",
      "name": "233键盘-线性",
      "font_class": "jianpan-xianxing",
      "unicode": "e8ce",
      "unicode_decimal": 59598
    },
    {
      "icon_id": "3851341",
      "name": "插入图片",
      "font_class": "charutupian",
      "unicode": "e656",
      "unicode_decimal": 58966
    },
    {
      "icon_id": "4354253",
      "name": "形状-图片",
      "font_class": "xingzhuang-tupian",
      "unicode": "eb98",
      "unicode_decimal": 60312
    },
    {
      "icon_id": "4611764",
      "name": "回形针",
      "font_class": "huixingzhen",
      "unicode": "ebe6",
      "unicode_decimal": 60390
    },
    {
      "icon_id": "4686548",
      "name": "下一步",
      "font_class": "xiayibu",
      "unicode": "ec09",
      "unicode_decimal": 60425
    },
    {
      "icon_id": "4686549",
      "name": "上一步",
      "font_class": "shangyibu",
      "unicode": "ec0a",
      "unicode_decimal": 60426
    },
    {
      "icon_id": "4890401",
      "name": "右缩进",
      "font_class": "yousuojin",
      "unicode": "e6f0",
      "unicode_decimal": 59120
    },
    {
      "icon_id": "4890404",
      "name": "左缩进",
      "font_class": "zuosuojin",
      "unicode": "e6f1",
      "unicode_decimal": 59121
    },
    {
      "icon_id": "6194670",
      "name": "编辑色块",
      "font_class": "bianjisekuai",
      "unicode": "ec7c",
      "unicode_decimal": 60540
    },
    {
      "icon_id": "6337454",
      "name": "分割线",
      "font_class": "fengexian",
      "unicode": "ec7f",
      "unicode_decimal": 60543
    },
    {
      "icon_id": "6337459",
      "name": "无序排列",
      "font_class": "wuxupailie",
      "unicode": "ec80",
      "unicode_decimal": 60544
    },
    {
      "icon_id": "6337460",
      "name": "居中对齐",
      "font_class": "juzhongduiqi",
      "unicode": "ec81",
      "unicode_decimal": 60545
    },
    {
      "icon_id": "6337462",
      "name": "有序排列",
      "font_class": "youxupailie",
      "unicode": "ec82",
      "unicode_decimal": 60546
    },
    {
      "icon_id": "6337463",
      "name": "右对齐",
      "font_class": "youduiqi",
      "unicode": "ec83",
      "unicode_decimal": 60547
    },
    {
      "icon_id": "6337464",
      "name": "字体代码",
      "font_class": "zitidaima",
      "unicode": "ec84",
      "unicode_decimal": 60548
    },
    {
      "icon_id": "6337465",
      "name": "笑脸",
      "font_class": "xiaolian",
      "unicode": "ec85",
      "unicode_decimal": 60549
    },
    {
      "icon_id": "6337466",
      "name": "字体加粗",
      "font_class": "zitijiacu",
      "unicode": "ec86",
      "unicode_decimal": 60550
    },
    {
      "icon_id": "6337470",
      "name": "字体下划线",
      "font_class": "zitixiahuaxian",
      "unicode": "ec87",
      "unicode_decimal": 60551
    },
    {
      "icon_id": "6337471",
      "name": "字体斜体",
      "font_class": "zitixieti",
      "unicode": "ec88",
      "unicode_decimal": 60552
    },
    {
      "icon_id": "6337472",
      "name": "字体颜色",
      "font_class": "zitiyanse",
      "unicode": "ec89",
      "unicode_decimal": 60553
    },
    {
      "icon_id": "6337473",
      "name": "左对齐",
      "font_class": "zuoduiqi",
      "unicode": "ec8a",
      "unicode_decimal": 60554
    },
    {
      "icon_id": "6337476",
      "name": "左右对齐",
      "font_class": "zuoyouduiqi",
      "unicode": "ec8b",
      "unicode_decimal": 60555
    },
    {
      "icon_id": "7007289",
      "name": "引用-22",
      "font_class": "yinyong-",
      "unicode": "e67d",
      "unicode_decimal": 59005
    },
    {
      "icon_id": "7009036",
      "name": "video",
      "font_class": "video",
      "unicode": "e73b",
      "unicode_decimal": 59195
    },
    {
      "icon_id": "7947379",
      "name": "空心问号",
      "font_class": "kongxinwenhao",
      "unicode": "ed19",
      "unicode_decimal": 60697
    },
    {
      "icon_id": "8622863",
      "name": "tianjia",
      "font_class": "tianjia",
      "unicode": "e615",
      "unicode_decimal": 58901
    },
    {
      "icon_id": "9968241",
      "name": "shanchu",
      "font_class": "shanchu",
      "unicode": "e60a",
      "unicode_decimal": 58890
    },
    {
      "icon_id": "10452671",
      "name": "bianji",
      "font_class": "bianji",
      "unicode": "e611",
      "unicode_decimal": 58897
    },
    {
      "icon_id": "15162651",
      "name": "chehuisekuai",
      "font_class": "chehuisekuai",
      "unicode": "e605",
      "unicode_decimal": 58885
    },
    {
      "icon_id": "15162780",
      "name": "shangjiantou",
      "font_class": "shangjiantou",
      "unicode": "e62d",
      "unicode_decimal": 58925
    },
    {
      "icon_id": "15162825",
      "name": "xiajiantou",
      "font_class": "xiajiantou",
      "unicode": "e63f",
      "unicode_decimal": 58943
    },
    {
      "icon_id": "15172600",
      "name": "文字颜色",
      "font_class": "wenziyanse",
      "unicode": "e6ff",
      "unicode_decimal": 59135
    },
    {
      "icon_id": "15391361",
      "name": "话题",
      "font_class": "huati",
      "unicode": "e61e",
      "unicode_decimal": 58910
    },
    {
      "icon_id": "15726818",
      "name": "加_色块",
      "font_class": "jia_sekuai",
      "unicode": "e618",
      "unicode_decimal": 58904
    },
    {
      "icon_id": "15726821",
      "name": "减_色块",
      "font_class": "jian_sekuai",
      "unicode": "e61a",
      "unicode_decimal": 58906
    },
    {
      "icon_id": "18828429",
      "name": "保存",
      "font_class": "save",
      "unicode": "e617",
      "unicode_decimal": 58903
    },
    {
      "icon_id": "20104479",
      "name": "复制",
      "font_class": "fuzhi",
      "unicode": "e612",
      "unicode_decimal": 58898
    },
    {
      "icon_id": "23251695",
      "name": "weizhigeshi",
      "font_class": "weizhigeshi",
      "unicode": "e904",
      "unicode_decimal": 59652
    },
    {
      "icon_id": "23719411",
      "name": "字体上标",
      "font_class": "zitishangbiao",
      "unicode": "e64d",
      "unicode_decimal": 58957
    },
    {
      "icon_id": "23719412",
      "name": "字体标题",
      "font_class": "zitibiaoti",
      "unicode": "e64e",
      "unicode_decimal": 58958
    },
    {
      "icon_id": "23719848",
      "name": "字体下标",
      "font_class": "zitixiabiao-copy",
      "unicode": "e652",
      "unicode_decimal": 58962
    },
    {
      "icon_id": "29179941",
      "name": "方块",
      "font_class": "fangkuai",
      "unicode": "e65d",
      "unicode_decimal": 58973
    },
    {
      "icon_id": "29565438",
      "name": "fenxiangfangshi",
      "font_class": "fenxiangfangshi",
      "unicode": "e600",
      "unicode_decimal": 58880
    },
    {
      "icon_id": "32295408",
      "name": "xb_s_web_xiayibu1",
      "font_class": "xb_s_web_xiayibu1",
      "unicode": "e616",
      "unicode_decimal": 58902
    },
    {
      "icon_id": "37461353",
      "name": "xingzhuang-wenzilv",
      "font_class": "xingzhuang-wenzilv",
      "unicode": "1338b",
      "unicode_decimal": 78731
    },
    {
      "icon_id": "38429431",
      "name": "字体删除线",
      "font_class": "zitishanchuxian",
      "unicode": "e798",
      "unicode_decimal": 59288
    },
    {
      "icon_id": "39663056",
      "name": "tuige",
      "font_class": "tuige",
      "unicode": "e670",
      "unicode_decimal": 58992
    },
    {
      "icon_id": "39832485",
      "name": "qingchugeshi",
      "font_class": "qingchugeshi",
      "unicode": "e711",
      "unicode_decimal": 59153
    },
    {
      "icon_id": "40029700",
      "name": "返回上一步@1x",
      "font_class": "a-fanhuishangyibu1x",
      "unicode": "e6b9",
      "unicode_decimal": 59065
    },
    {
      "icon_id": "43414899",
      "name": "背景颜色",
      "font_class": "beijingyanse",
      "unicode": "e7eb",
      "unicode_decimal": 59371
    },
    {
      "icon_id": "46072146",
      "name": "取消链接",
      "font_class": "quxiaolianjie",
      "unicode": "e6a8",
      "unicode_decimal": 59048
    }
  ]
}
